..tqdm._main##cast(val,typ)
..tqdm._main##posix_pipe(fin,fout,delim,buf_size,callback)
..tqdm._main##main(fp,argv)
..tqdm._monitor$TMonitor#__init__(tqdm_cls,sleep_interval)
..tqdm._monitor$TMonitor#exit()
..tqdm._monitor$TMonitor#get_instances()
..tqdm._monitor$TMonitor#run()
..tqdm._monitor$TMonitor#report()
..tqdm._tqdm$TqdmWarning#__init__(msg,fp_write,*a,**k)
..tqdm._tqdm$TqdmDefaultWriteLock#__init__()
..tqdm._tqdm$TqdmDefaultWriteLock#acquire()
..tqdm._tqdm$TqdmDefaultWriteLock#release()
..tqdm._tqdm$TqdmDefaultWriteLock#__enter__()
..tqdm._tqdm$TqdmDefaultWriteLock#__exit__(*exc)
..tqdm._tqdm$TqdmDefaultWriteLock#create_mp_lock()
..tqdm._tqdm$TqdmDefaultWriteLock#create_th_lock()
..tqdm._tqdm$tqdm#format_sizeof(num,suffix,divisor)
..tqdm._tqdm$tqdm#format_interval(t)
..tqdm._tqdm$tqdm#format_num(n)
..tqdm._tqdm$tqdm#ema(x,mu,alpha)
..tqdm._tqdm$tqdm#status_printer(file)
..tqdm._tqdm$tqdm#fp_write(s)
..tqdm._tqdm$tqdm#print_status(s)
..tqdm._tqdm$tqdm#format_meter(n,total,elapsed,ncols,prefix,ascii,unit,unit_scale,rate,bar_format,postfix,unit_divisor,**extra_kwargs)
..tqdm._tqdm$tqdm#__new__(*args,**kwargs)
..tqdm._tqdm$tqdm#_get_free_pos(instance)
..tqdm._tqdm$tqdm#_decr_instances(instance)
..tqdm._tqdm$tqdm#write(s,file,end,nolock)
..tqdm._tqdm$tqdm#external_write_mode(file,nolock)
..tqdm._tqdm$tqdm#set_lock(lock)
..tqdm._tqdm$tqdm#get_lock()
..tqdm._tqdm$tqdm#pandas(tclass,*targs,**tkwargs)
..tqdm._tqdm$tqdm#inner_generator(df_function)
..tqdm._tqdm$tqdm#inner(df,func,*args,**kwargs)
..tqdm._tqdm$tqdm#wrapper(*args,**kwargs)
..tqdm._tqdm$tqdm#__init__(iterable,desc,total,leave,file,ncols,mininterval,maxinterval,miniters,ascii,disable,unit,unit_scale,dynamic_ncols,smoothing,bar_format,initial,position,postfix,unit_divisor,gui,**kwargs)
..tqdm._tqdm$tqdm#__len__()
..tqdm._tqdm$tqdm#__enter__()
..tqdm._tqdm$tqdm#__exit__(*exc)
..tqdm._tqdm$tqdm#__del__()
..tqdm._tqdm$tqdm#format_dict()
..tqdm._tqdm$tqdm#__repr__()
..tqdm._tqdm$tqdm#_comparable()
..tqdm._tqdm$tqdm#__hash__()
..tqdm._tqdm$tqdm#__iter__()
..tqdm._tqdm$tqdm#update(n)
..tqdm._tqdm$tqdm#close()
..tqdm._tqdm$tqdm#fp_write(s)
..tqdm._tqdm$tqdm#unpause()
..tqdm._tqdm$tqdm#set_description(desc,refresh)
..tqdm._tqdm$tqdm#set_description_str(desc,refresh)
..tqdm._tqdm$tqdm#set_postfix(ordered_dict,refresh,**kwargs)
..tqdm._tqdm$tqdm#set_postfix_str(s,refresh)
..tqdm._tqdm$tqdm#moveto(n)
..tqdm._tqdm$tqdm#clear(nolock)
..tqdm._tqdm$tqdm#refresh(nolock)
..tqdm._tqdm$tqdm#display(msg,pos)
..tqdm._tqdm##trange(*args,**kwargs)
..tqdm._tqdm_gui$tqdm_gui#__init__(*args,**kwargs)
..tqdm._tqdm_gui$tqdm_gui#__iter__()
..tqdm._tqdm_gui$tqdm_gui#update(n)
..tqdm._tqdm_gui$tqdm_gui#close()
..tqdm._tqdm_gui##tgrange(*args,**kwargs)
..tqdm._tqdm_notebook$tqdm_notebook#status_printer(_,total,desc,ncols)
..tqdm._tqdm_notebook$tqdm_notebook#print_status(s,close,bar_style,desc)
..tqdm._tqdm_notebook$tqdm_notebook#__init__(*args,**kwargs)
..tqdm._tqdm_notebook$tqdm_notebook#__iter__(*args,**kwargs)
..tqdm._tqdm_notebook$tqdm_notebook#update(*args,**kwargs)
..tqdm._tqdm_notebook$tqdm_notebook#close(*args,**kwargs)
..tqdm._tqdm_notebook$tqdm_notebook#moveto(*args,**kwargs)
..tqdm._tqdm_notebook$tqdm_notebook#set_description(desc,**_)
..tqdm._tqdm_notebook##tnrange(*args,**kwargs)
..tqdm._tqdm_pandas##tqdm_pandas(tclass,*targs,**tkwargs)
..tqdm._utils$_OrderedDict#__init__(*args,**kwds)
..tqdm._utils$_OrderedDict#clear()
..tqdm._utils$_OrderedDict#__setitem__(key,value)
..tqdm._utils$_OrderedDict#__delitem__(key)
..tqdm._utils$_OrderedDict#__iter__()
..tqdm._utils$_OrderedDict#__reversed__()
..tqdm._utils$_OrderedDict#popitem()
..tqdm._utils$_OrderedDict#__reduce__()
..tqdm._utils$_OrderedDict#__repr__()
..tqdm._utils$_OrderedDict#copy()
..tqdm._utils$_OrderedDict#fromkeys(iterable,value)
..tqdm._utils$Comparable#__lt__(other)
..tqdm._utils$Comparable#__le__(other)
..tqdm._utils$Comparable#__eq__(other)
..tqdm._utils$Comparable#__ne__(other)
..tqdm._utils$Comparable#__gt__(other)
..tqdm._utils$Comparable#__ge__(other)
..tqdm._utils##_is_utf(encoding)
..tqdm._utils##_supports_unicode(fp)
..tqdm._utils##_environ_cols_wrapper()
..tqdm._utils##_environ_cols_windows(fp)
..tqdm._utils##_environ_cols_tput(*_)
..tqdm._utils##_environ_cols_linux(fp)
..tqdm._utils##_term_move_up()
..tqdm.__init__##tqdm_notebook(*args,**kwargs)
..tqdm.__init__##tnrange(*args,**kwargs)
